moduloId,titulo,numero
M001,Módulo 1: Conceptos clave,1
M002,Módulo 2: Conceptos clave,2
M003,Módulo 3: Conceptos clave,3
M004,Módulo 4: Conceptos clave,4
M005,Módulo 5: Conceptos clave,5
M006,Módulo 6: Conceptos clave,6
M007,Módulo 7: Conceptos clave,7
M008,Módulo 8: Conceptos clave,8
M009,Módulo 9: Conceptos clave,9
M010,Módulo 10: Conceptos clave,10
M011,Módulo 11: Conceptos clave,11
M012,Módulo 12: Conceptos clave,12
M013,Módulo 13: Conceptos clave,13
M014,Módulo 14: Conceptos clave,14
M015,Módulo 15: Conceptos clave,15
M016,Módulo 16: Conceptos clave,16
M017,Módulo 17: Conceptos clave,17
M018,Módulo 18: Conceptos clave,18
M019,Módulo 19: Conceptos clave,19
M020,Módulo 20: Conceptos clave,20
